<?xml version="1.0" encoding="utf-8"?>
<!DOCTYPE configuration PUBLIC "-//mybatis.org//DTD Config 3.0//EN"
        "http://mybatis.org/dtd/mybatis-3-config.dtd">
<configuration>
    <settings>
        <setting name="logImpl" value="STDOUT_LOGGING"/>
    </settings>

    <environments default="newer">
        <environment id="newer">
            <transactionManager type="JDBC"></transactionManager>
            <dataSource type="POOLED">
                <property name="driver" value="com.mysql.cj.jdbc.Driver"/>
                <property name="url" value="jdbc:mysql://127.0.0.1:3306/hwmall_db?userSSL=false&amp;serverTimezone=GMT"/>
                <property name="username" value="root"/>
                <property name="password" value="331307"/>
            </dataSource>
        </environment>
    </environments>

    <mappers>
        <mapper resource="mappers/usermapper.xml"></mapper>
    </mappers>

</configuration>
